stock_path	destination	stock_sha256	stock_size	architecture	licensing_class	action
/system/bin/imsd	ims/proprietary/bin/imsd	29ac01503989fba9cc9551a45d65d06ad31a3935e2b303fe7b575916362cebed	18176	arm32-elf	Samsung-proprietary	copy
/system/bin/multiclientd	ims/proprietary/bin/multiclientd	4a7c0658ecaa9f9c4486f5c790d7905a69a37e125b4f1a15d73693d465e77b28	27792	arm32-elf	Samsung-proprietary	copy
/system/framework/EpdgManager.jar	ims/proprietary/framework/EpdgManager.jar	1663083cf57c5a4c1f795319644087d3bfa9132e48413b1b0aedc8c21f56a60a	34282	java-dex	Samsung-proprietary	copy
/system/framework/imsmanager.jar	ims/proprietary/framework/imsmanager.jar	ba88f7111ea5c678d597dcb0498ee9fc42611fd4f6af12b6312fad05495de78b	671422	java-dex	Samsung-proprietary	copy
/system/framework/framework-res.apk	build-inputs/framework-res.apk	ff293c51486f56b2d3986090001568665ebf54e0614c77464a450ba45bf150c5	69575977	android-resource-apk	Samsung-proprietary	build-input
/system/framework/rcsopenapi.jar	ims/proprietary/framework/rcsopenapi.jar	14283b6a81d4a12f948aa721ec59192128af0a842e02ce5760506c00bdfd8c8e	400474	java-dex	Samsung-proprietary	copy
/system/framework/vsimmanager.jar	ims/proprietary/framework/vsimmanager.jar	a6e02b64382da93b240b79a7337ba78f170f5cb256f441201677b3aae1773c55	557228	java-dex	Samsung-proprietary	copy
/system/lib/libaresdns.so	ims/proprietary/lib/arm/libaresdns.so	be52a5741a05097ecf0e262efb49a3d86787a6e3dea28f20cfbb6cd7b1c974fa	44000	arm32-elf	Samsung-proprietary	copy
/system/lib/libcurl2.so	ims/proprietary/lib/arm/libcurl2.so	62d23c365a0ac4ead65bf12b5fb981cec029e8524a81d39ba8301bc32b894945	267756	arm32-elf	Samsung-proprietary	copy
/system/lib/libext2_uuid.so	ims/proprietary/lib/arm/libext2_uuid.so	4c03c8cf9af3647fa48dd45406d0bd8fb1a77e1858c48f3af90b2307157fe217	11228	arm32-elf	Samsung-proprietary	copy
/system/lib/libsec-ims.so	ims/proprietary/lib/arm/libsec-ims.so	9f629903d4f7b0c5558f8e60afe6a93f403170124930e1da85cf51b909892cb2	6541012	arm32-elf	Samsung-proprietary	copy
/system/lib/vendor.samsung.hardware.radio.bridge@2.0.so	ims/proprietary/lib/vendor.samsung.hardware.radio.bridge@2.0.so	52a32850eff2195eec3e3ee5475587aa543a32652e85c85ce8f29fb5be89d7dd	122212	arm32-elf	Samsung-proprietary	copy
/system/lib/vendor.samsung.hardware.radio.bridge@2.1.so	ims/proprietary/lib/vendor.samsung.hardware.radio.bridge@2.1.so	a6a7f797bb85c4edd9f29dbf25ccc0e388391b0b366b6c5489919898d8d71229	62996	arm32-elf	Samsung-proprietary	copy
/system/priv-app/imsservice/imsservice.apk	ims/proprietary/priv-app/imsservice/imsservice.apk	490e600fa7a8b111de83da6d20d87607f8db68b8447c98cacd2313055fd47f91	4813922	android-apk-arm32	Samsung-proprietary	patch-to-stage1
/system/app/UnifiedWFC/UnifiedWFC.apk	ims/proprietary/app/UnifiedWFC/UnifiedWFC.apk	f75fb6ae72bab70aeec85e6b2db30d804cbddb026bd022761cbfd22e5e3889c7	5408359	android-apk	Samsung-proprietary	transform-input
/system/app/sveservice/sveservice.apk	ims/proprietary/app/sveservice/sveservice.apk	5066ebdbd2dc8d5ff8da613f8b0f63b1d7e0408f3732b889719179d2bc1e33ab	634428	android-apk-arm32	Samsung-proprietary	transform-input
/system/priv-app/EpdgService/EpdgService.apk	ims/proprietary/priv-app/EpdgService/EpdgService.apk	c798cd875f17bcad5ac5181587b09152ed96c453914b6a314d701746b08b8ad7	562108	android-apk	Samsung-proprietary	transform-input
/system/etc/epdg_apns_conf.xml	ims/proprietary/etc/epdg_apns_conf.xml	90c167b23baf39cac4fe235a1f1bb726231f1999f017be8975968e7cb8c749b3	1578014	text/xml	Samsung-proprietary	copy
/system/etc/mapconprovider.xml	ims/proprietary/etc/mapconprovider.xml	66e869cfcad9671d842f450c18ad81ac3d80f8e3e2c13c20bb44bc91c4bc1ab5	178015	text/xml	Samsung-proprietary	copy
/system/etc/eris.conf	ims/proprietary/etc/eris.conf	9371e5869f78d809013107b5d3a8bd40100a0f2834994ff77122c6aac3780628	287	text/config	Samsung-proprietary	copy
/system/bin/eris	ims/proprietary/bin/eris	3171e1abefbbbd6dbba52cc7e6f104164332e1609bb55b8b2d02256fdf290f8a	113820	arm32-elf	Samsung-proprietary	copy
/system/lib/liberis_charon.so	ims/proprietary/lib/arm/liberis_charon.so	f482e0c19cee029921e14d119fb19e97852bfd87e82bd58a571c227ba7b8d1cb	694460	arm32-elf	Samsung-proprietary	copy
/system/lib/liberis_simaka.so	ims/proprietary/lib/arm/liberis_simaka.so	675147e8c79054f89a0314a34bbd860e97d46b10a6c05b2b2962855e2948f458	24088	arm32-elf	Samsung-proprietary	copy
/system/lib/libsecril-client.so	ims/proprietary/lib/arm/libsecril-client.so	e0c8d3e5682973d3684e4cfb89b23c68f87be6d6b458b2f1a955fb6b8283ebe0	25260	arm32-elf	Samsung-proprietary	copy
/system/lib/liberis_strongswan.so	ims/proprietary/lib/arm/liberis_strongswan.so	38aecec124684f02afd5bea9a98f538913af7b3311d5eb7e62f34429b27bbe49	847428	arm32-elf	Samsung-proprietary	transform-input
/system/lib/libAudioFWInterface.so	ims/proprietary/app/sveservice/lib/arm/libAudioFWInterface.so	c9242fe987c93b2363875e1dfbb9a2450676e3d68cd56b78b15a53a6604e52c4	9624	arm32-elf	Samsung-proprietary	transform-input
/system/lib/libAudioTranscoder.so	ims/proprietary/app/sveservice/lib/arm/libAudioTranscoder.so	e9244377e9b5263138b479956c63654cf0571e5c8be38eb03143bc0ee53d6f7b	15176	arm32-elf	Samsung-proprietary	copy
/system/lib/libPSI.so	ims/proprietary/app/sveservice/lib/arm/libPSI.so	4ff5486a23a5744d173169366c263167b8755e7f8750bb6dba02b51b6af9857e	55620	arm32-elf	Samsung-proprietary	copy
/system/lib/libRecorder.so	ims/proprietary/app/sveservice/lib/arm/libRecorder.so	3206b0ed5a0378c705b84c1fa170476a4d656f94d77b5172adf9b9037e376960	166548	arm32-elf	Samsung-proprietary	copy
/system/lib/libSRTP.so	ims/proprietary/app/sveservice/lib/arm/libSRTP.so	285c001a440c6b699f87990c1a720e853c2187fa860fcf66fd6c859fc51f9237	71556	arm32-elf	Samsung-proprietary	copy
/system/lib/libSTE.so	ims/proprietary/app/sveservice/lib/arm/libSTE.so	7c14ade5235d7052d74fc9e2c85ef2eb44cd378adafee235bc91e516d1cb559b	88528	arm32-elf	Samsung-proprietary	copy
/system/lib/libSamsungAPVoiceEngine.so	ims/proprietary/app/sveservice/lib/arm/libSamsungAPVoiceEngine.so	14ec410edba2f788c23b656cedd9d62cd9bf2d8523d33923bc7a5000d71b0e5d	359588	arm32-elf	Samsung-proprietary	copy
/system/lib/libamrnb_float.so	ims/proprietary/app/sveservice/lib/arm/libamrnb_float.so	e5486b024a3bb45d9db7bbee14e73a2cb6a466b0a2f1bdc843d9b05eb6d67a4b	259720	arm32-elf	Samsung-proprietary	copy
/system/lib/libamrwb_float.so	ims/proprietary/app/sveservice/lib/arm/libamrwb_float.so	42ea05cb7d083b93e015694e0bcc50d5f7b9e81a140e107c740fa0f873fc089e	210628	arm32-elf	Samsung-proprietary	copy
/system/lib/libevs_float.so	ims/proprietary/app/sveservice/lib/arm/libevs_float.so	e683ec2039752175fb6bbd8d6098e402a94d07d9fbc26239c127ffc561a5fce8	1931024	arm32-elf	Samsung-proprietary	copy
/system/lib/libfloatingfeature.so	ims/proprietary/app/sveservice/lib/arm/libfloatingfeature.so	f8fc699880af31ab6bc41e2017feaf4ccf6a3bf50a8ed3ad1269223eecbd18ed	14272	arm32-elf	Samsung-proprietary	copy
/system/lib/libmediarelayengine.so	ims/proprietary/app/sveservice/lib/arm/libmediarelayengine.so	e01ae528fff841df1d5aa3dc248cdea754fe1261502db7a7d3d4f3639097ae01	443860	arm32-elf	Samsung-proprietary	copy
/system/lib/libnativecfms.so	ims/proprietary/app/sveservice/lib/arm/libnativecfms.so	09af8ba51c4986fff5f5379ac0541f635256296806d447fb175437dcabe7579e	53764	arm32-elf	Samsung-proprietary	copy
/system/lib/libresampler_ims.so	ims/proprietary/app/sveservice/lib/arm/libresampler_ims.so	ed502c35e2758dcea5dd3314b0079f8ab9754fe596b546d8fedad7628d0077e2	34272	arm32-elf	Samsung-proprietary	copy
/system/lib/librtp.so	ims/proprietary/app/sveservice/lib/arm/librtp.so	a006b67c3f9994b278eabffa608b9ce2e38bc97c1092c3021f14d74ff0151377	52424	arm32-elf	Samsung-proprietary	copy
/system/lib/librtppayload.so	ims/proprietary/app/sveservice/lib/arm/librtppayload.so	bf3a7112870fb670d77545c38cc0615db5b4ebd43487fc5ae80d066ea0cbfcee	43384	arm32-elf	Samsung-proprietary	copy
/system/lib/libsamsung_videoengine_9_0.so	ims/proprietary/app/sveservice/lib/arm/libsamsung_videoengine_9_0.so	dbcf195032834743186f852dbc97ea4144f0a08e5c126b8fec0ec5ab8aeca6a8	520808	arm32-elf	Samsung-proprietary	copy
/system/lib/libsavscmn.so	ims/proprietary/app/sveservice/lib/arm/libsavscmn.so	4e26522f33e1d910b4c47eec111c49f79512d16e06c5ecd15803e44bd8f46028	685744	arm32-elf	Samsung-proprietary	copy
/system/lib/libsecnativefeature.so	ims/proprietary/app/sveservice/lib/arm/libsecnativefeature.so	00c42ac02b77654b8ecbf83647a86933aba7ce51cff2805fa990fb2ad35fd283	23564	arm32-elf	Samsung-proprietary	copy
/system/lib/libsvejni.so	ims/proprietary/app/sveservice/lib/arm/libsvejni.so	c512bf3b4d71dbb377b7e8ceef66d9432610cb7564338f37a0644800e9bf11d6	142184	arm32-elf	Samsung-proprietary	copy
/system/lib/libsveservice.so	ims/proprietary/app/sveservice/lib/arm/libsveservice.so	8c78566d19bd0fc121db3cdaa54a7e58e344f93d7c845adfb955d6dc90a1f66c	21332	arm32-elf	Samsung-proprietary	copy
/system/lib/libvad.so	ims/proprietary/app/sveservice/lib/arm/libvad.so	f6b2d7f33853d371e5ed9303ce22973f8d16aa976751ada1c6d19add9ba81f1f	66976	arm32-elf	Samsung-proprietary	copy
